input,target
Wow... Loved this place.,Positive
Crust is not good.,Negative
Not tasty and the texture was just nasty.,Negative
Stopped by during the late May bank holiday off Rick Steve recommendation and loved it.,Positive
The selection on the menu was great and so were the prices.,Positive
Now I am getting angry and I want my damn pho.,Negative
Honeslty it didn't taste THAT fresh.),Negative
The potatoes were like rubber and you could tell they had been made up ahead of time being kept under a warmer.,Negative
The fries were great too.,Positive
A great touch.,Positive
Service was very prompt.,Positive
Would not go back.,Negative
The cashier had no care what so ever on what I had to say it still ended up being wayyy overpriced.,Negative
"I tried the Cape Cod ravoli, chicken, with cranberry...mmmm!",Positive
I was disgusted because I was pretty sure that was human hair.,Negative
I was shocked because no signs indicate cash only.,Negative
Highly recommended.,Positive
Waitress was a little slow in service.,Negative
"This place is not worth your time, let alone Vegas.",Negative
did not like at all.,Negative
The Burrittos Blah!,Negative
"The food, amazing.",Positive
Service is also cute.,Positive
I could care less... The interior is just beautiful.,Positive
So they performed.,Positive
That's right....the red velvet cake.....ohhh this stuff is so good.,Positive
#NAME?,Negative
"This hole in the wall has great Mexican street tacos, and friendly staff.",Positive
"Took an hour to get our food only 4 tables in restaurant my food was Luke warm, Our sever was running around like he was totally overwhelmed.",Negative
The worst was the salmon sashimi.,Negative
"Also there are combos like a burger, fries, and beer for 23 which is a decent deal.",Positive
This was like the final blow!,Negative
I found this place by accident and I could not be happier.,Positive
"seems like a good quick place to grab a bite of some familiar pub food, but do yourself a favor and look elsewhere.",Negative
"Overall, I like this place a lot.",Positive
The only redeeming quality of the restaurant was that it was very inexpensive.,Positive
Ample portions and good prices.,Positive
"Poor service, the waiter made me feel like I was stupid every time he came to the table.",Negative
My first visit to Hiro was a delight!,Positive
Service sucks.,Negative
The shrimp tender and moist.,Positive
There is not a deal good enough that would drag me into that establishment again.,Negative
Hard to judge whether these sides were good because we were grossed out by the melted styrofoam and didn't want to eat it for fear of getting sick.,Negative
"On a positive note, our server was very attentive and provided great service.",Positive
"Frozen pucks of disgust, with some of the worst people behind the register.",Negative
The only thing I did like was the prime rib and dessert section.,Positive
It's too bad the food is so damn generic.,Negative
"The burger is good beef, cooked just right.",Positive
If you want a sandwich just go to any Firehouse!!!!!,Positive
"My side Greek salad with the Greek dressing was so tasty, and the pita and hummus was very refreshing.",Positive
We ordered the duck rare and it was pink and tender on the inside with a nice char on the outside.,Positive
He came running after us when he realized my husband had left his sunglasses on the table.,Positive
Their chow mein is so good!,Positive
"They have horrible attitudes towards customers, and talk down to each one when customers don't enjoy their food.",Negative
The portion was huge!,Positive
"Loved it...friendly servers, great food, wonderful and imaginative menu.",Positive
The Heart Attack Grill in downtown Vegas is an absolutely flat-lined excuse for a restaurant.,Negative
Not much seafood and like 5 strings of pasta at the bottom.,Negative
"The salad had just the right amount of sauce to not over power the scallop, which was perfectly cooked.",Positive
"The ripped banana was not only ripped, but petrified and tasteless.",Negative
At least think to refill my water before I struggle to wave you over for 10 minutes.,Negative
This place receives stars for their APPETIZERS!!!,Positive
The cocktails are all handmade and delicious.,Positive
We'd definitely go back here again.,Positive
We are so glad we found this place.,Positive
"Great food and service, huge portions and they give a military discount.",Positive
Always a great time at Dos Gringos!,Positive
Update.....went back for a second time and it was still just as amazing,Positive
We got the food and apparently they have never heard of salt and the batter on the fish was chewy.,Negative
A great way to finish a great.,Positive
"The deal included 5 tastings and 2 drinks, and Jeff went above and beyond what we expected.",Positive
#NAME?,Positive
The service was meh.,Negative
"It took over 30 min to get their milkshake, which was nothing more than chocolate milk.",Negative
"I guess I should have known that this place would suck, because it is inside of the Excalibur, but I didn't use my common sense.",Negative
The scallop dish is quite appalling for value as well.,Negative
2 times - Very Bad Customer Service !,Negative
The sweet potato fries were very good and seasoned well.,Positive
Today is the second time I've been to their lunch buffet and it was pretty good.,Positive
There is so much good food in Vegas that I feel cheated for wasting an eating opportunity by going to Rice and Company.,Negative
Coming here is like experiencing an underwhelming relationship where both parties can't wait for the other person to ask to break up.,Negative
walked in and the place smelled like an old grease trap and only 2 others there eating.,Negative
The turkey and roast beef were bland.,Negative
This place has it!,Positive
The pan cakes everyone are raving about taste like a sugary disaster tailored to the palate of a six year old.,Negative
I love the Pho and the spring rolls oh so yummy you have to try.,Positive
The poor batter to meat ratio made the chicken tenders very unsatisfying.,Negative
All I have to say is the food was amazing!!!,Positive
Omelets are to die for!,Positive
Everything was fresh and delicious!,Positive
"In summary, this was a largely disappointing dining experience.",Negative
"It's like a really sexy party in your mouth, where you're outrageously flirting with the hottest person at the party.",Positive
"Never been to Hard Rock Casino before, WILL NEVER EVER STEP FORWARD IN IT AGAIN!",Negative
Best breakfast buffet!!!,Positive
say bye bye to your tip lady!,Negative
We'll never go again.,Negative
Will be back again!,Positive
Food arrived quickly!,Positive
It was not good.,Negative
"On the up side, their cafe serves really good food.",Positive
"Our server was fantastic and when he found out the wife loves roasted garlic and bone marrow, he added extra to our meal and another marrow to go!",Positive
"The only good thing was our waiter, he was very helpful and kept the bloddy mary's coming.",Positive
"Best Buffet in town, for the price you cannot beat it.",Positive
"I LOVED their mussels cooked in this wine reduction, the duck was tender, and their potato dishes were delicious.",Positive
This is one of the better buffets that I have been to.,Positive
So we went to Tigerlilly and had a fantastic afternoon!,Positive
"The food was delicious, our bartender was attentive and personable AND we got a great deal!",Positive
The ambience is wonderful and there is music playing.,Positive
Will go back next trip out.,Positive
Sooooo good!!,Positive
"REAL sushi lovers, let's be honest - Yama is not that good.",Negative
"At least 40min passed in between us ordering and the food arriving, and it wasn't that busy.",Negative
This is a really fantastic Thai restaurant which is definitely worth a visit.,Positive
"Nice, spicy and tender.",Positive
Good prices.,Positive
Check it out.,Positive
It was pretty gross!,Negative
I've had better atmosphere.,Negative
Kind of hard to mess up a steak but they did.,Negative
"Although I very much liked the look and sound of this place, the actual experience was a bit disappointing.",Negative
I just don't know how this place managed to served the blandest food I have ever eaten when they are preparing Indian cuisine.,Negative
"Worst service to boot, but that is the least of their worries.",Negative
Service was fine and the waitress was friendly.,Positive
"The guys all had steaks, and our steak loving son who has had steak at the best and worst places said it was the best steak he's ever eaten.",Positive
"We thought you'd have to venture further away to get good sushi, but this place really hit the spot that night.",Positive
"Host staff were, for lack of a better word, BITCHES!",Negative
Bland... Not a liking this place for a number of reasons and I don't want to waste time on bad reviewing.. I'll leave it at that...,Negative
"Phenomenal food, service and ambiance.",Positive
I wouldn't return.,Negative
"Definitely worth venturing off the strip for the pork belly, will return next time I'm in Vegas.",Positive
This place is way too overpriced for mediocre food.,Negative
Penne vodka excellent!,Positive
"They have a good selection of food including a massive meatloaf sandwich, a crispy chicken wrap, a delish tuna melt and some tasty burgers.",Positive
The management is rude.,Negative
"Delicious NYC bagels, good selections of cream cheese, real Lox with capers even.",Positive
"Great Subway, in fact it's so good when you come here every other Subway will not meet your expectations.",Positive
I had a seriously solid breakfast here.,Positive
This is one of the best bars with food in Vegas.,Positive
"He was extremely rude and really, there are so many other restaurants I would love to dine at during a weekend in Vegas.",Negative
My drink was never empty and he made some really great menu suggestions.,Positive
Don't do it!!!!,Negative
The waiter wasn't helpful or friendly and rarely checked on us.,Negative
My husband and I ate lunch here and were very disappointed with the food and service.,Negative
And the red curry had so much bamboo shoots and wasn't very tasty to me.,Negative
Nice blanket of moz over top but i feel like this was done to cover up the subpar food.,Positive
The bathrooms are clean and the place itself is well decorated.,Positive
"The menu is always changing, food quality is going down & service is extremely slow.",Negative
"The service was a little slow , considering that were served by 3 people servers so the food was coming in a slow pace.",Negative
I give it 2 thumbs down,Negative
We watched our waiter pay a lot more attention to other tables and ignore us.,Negative
My fiancÃ© and I came in the middle of the day and we were greeted and seated right away.,Positive
This is a great restaurant at the Mandalay Bay.,Positive
We waited for forty five minutes in vain.,Negative
Crostini that came with the salad was stale.,Negative
Some highlights : Great quality nigiri here!,Positive
the staff is friendly and the joint is always clean.,Positive
this was a different cut than the piece the other day but still wonderful and tender s well as well flavored.,Positive
I ordered the Voodoo pasta and it was the first time I'd had really excellent pasta since going gluten free several years ago.,Positive
this place is good.,Positive
"Unfortunately, we must have hit the bakery on leftover day because everything we ordered was STALE.",Negative
I came back today since they relocated and still not impressed.,Negative
I was seated immediately.,Positive
"Their menu is diverse, and reasonably priced.",Positive
Avoid at all cost!,Negative
Restaurant is always full but never a wait.,Positive
DELICIOUS!!,Positive
This place is hands-down one of the best places to eat in the Phoenix metro area.,Positive
So don't go there if you are looking for good food...,Negative
I've never been treated so bad.,Negative
Bacon is hella salty.,Positive
"We also ordered the spinach and avocado salad, the ingredients were sad and the dressing literally had zero taste.",Negative
"This really is how Vegas fine dining used to be, right down to the menus handed to the ladies that have no prices listed.",Positive
The waitresses are very friendly.,Positive
"Lordy, the Khao Soi is a dish that is not to be missed for curry lovers!",Positive
Everything on the menu is terrific and we were also thrilled that they made amazing accommodations for our vegetarian daughter.,Positive
"Perhaps I caught them on an off night judging by the other reviews, but I'm not inspired to go back.",Negative
The service here leaves a lot to be desired.,Negative
"The atmosphere is modern and hip, while maintaining a touch of coziness.",Positive
"Not a weekly haunt, but definitely a place to come back to every once in a while.",Positive
We literally sat there for 20 minutes with no one asking to take our order.,Negative
"The burger had absolutely no flavor - the meat itself was totally bland, the burger was overcooked and there was no charcoal flavor.",Negative
I also decided not to send it back because our waitress looked like she was on the verge of having a heart attack.,Negative
I dressed up to be treated so rudely!,Negative
It was probably dirt.,Negative
"Love this place, hits the spot when I want something healthy but not lacking in quantity or flavor.",Positive
I ordered the Lemon raspberry ice cocktail which was also incredible.,Positive
"The food sucked, which we expected but it sucked more than we could have imagined.",Negative
Interesting decor.,Positive
What I really like there is the crepe station.,Positive
"Also were served hot bread and butter, and home made potato chips with bacon bits on top....very original and very good.",Positive
you can watch them preparing the delicious food!),Positive
Both of the egg rolls were fantastic.,Positive
"When my order arrived, one of the gyros was missing.",Negative
"I had a salad with the wings, and some ice cream for dessert and left feeling quite satisfied.",Positive
I'm not really sure how Joey's was voted best hot dog in the Valley by readers of Phoenix Magazine.,Negative
The best place to go for a tasty bowl of Pho!,Positive
The live music on Fridays totally blows.,Negative
I've never been more insulted or felt disrespected.,Negative
Very friendly staff.,Positive
It is worth the drive.,Positive
"I had heard good things about this place, but it exceeding every hope I could have dreamed of.",Positive
Food was great and so was the serivce!,Positive
The warm beer didn't help.,Negative
Great brunch spot.,Positive
Service is friendly and inviting.,Positive
Very good lunch spot.,Positive
I've lived here since 1979 and this was the first (and last) time I've stepped foot into this place.,Negative
The WORST EXPERIENCE EVER.,Negative
Must have been an off night at this place.,Negative
"The sides are delish - mixed mushrooms, yukon gold puree, white corn - beateous.",Positive
"If that bug never showed up I would have given a 4 for sure, but on the other side of the wall where this bug was climbing was the kitchen.",Negative
"For about 10 minutes, we we're waiting for her salad when we realized that it wasn't coming any time soon.",Negative
My friend loved the salmon tartar.,Positive
Won't go back.,Negative
Extremely Tasty!,Positive
Waitress was good though!,Positive
Soggy and not good.,Negative
The Jamaican mojitos are delicious.,Positive
Which are small and not worth the price.,Negative
#NAME?,Positive
"The shower area is outside so you can only rinse, not take a full shower, unless you don't mind being nude for everyone to see!",Negative
The service was a bit lacking.,Negative
"Lobster Bisque, Bussell Sprouts, Risotto, Filet ALL needed salt and pepper..and of course there is none at the tables.",Negative
Hopefully this bodes for them going out of business and someone who can cook can come in.,Negative
"It was either too cold, not enough flavor or just bad.",Negative
I loved the bacon wrapped dates.,Positive
This is an unbelievable BARGAIN!,Positive
The folks at Otto always make us feel so welcome and special.,Positive
"As for the ""mains,"" also uninspired.",Negative
This is the place where I first had pho and it was amazing!!,Positive
This wonderful experience made this place a must-stop whenever we are in town again.,Positive
"If the food isn't bad enough for you, then enjoy dealing with the world's worst/annoying drunk people.",Negative
Very very fun chef.,Positive
"Ordered a double cheeseburger & got a single patty that was falling apart (picture uploaded) Yeah, still sucks.",Negative
Great place to have a couple drinks and watch any and all sporting events as the walls are covered with TV's.,Positive
"If it were possible to give them zero stars, they'd have it.",Negative
"The descriptions said ""yum yum sauce"" and another said ""eel sauce"", yet another said ""spicy mayo""...well NONE of the rolls had sauces on them.",Negative
"I'd say that would be the hardest decision... Honestly, all of M's dishes taste how they are supposed to taste (amazing).",Positive
If she had not rolled the eyes we may have stayed... Not sure if we will go back and try it again.,Negative
"Everyone is very attentive, providing excellent customer service.",Positive
Horrible - don't waste your time and money.,Negative
Now this dish was quite flavourful.,Positive
By this time our side of the restaurant was almost empty so there was no excuse.,Negative
"(It wasn't busy either) Also, the building was FREEZING cold.",Negative
"like the other reviewer said ""you couldn't pay me to eat at this place again.""",Negative
-Drinks took close to 30 minutes to come out at one point.,Negative
"Seriously flavorful delights, folks.",Positive
Much better than the other AYCE sushi place I went to in Vegas.,Positive
The lighting is just dark enough to set the mood.,Positive
Based on the sub-par service I received and no effort to show their gratitude for my business I won't be going back.,Negative
Owner's are really great people.!,Positive
There is nothing privileged about working/eating there.,Negative
The Greek dressing was very creamy and flavorful.,Positive
"Overall, I don't think that I would take my parents to this place again because they made most of the similar complaints that I silently felt too.",Negative
Now the pizza itself was good the peanut sauce was very tasty.,Positive
We had 7 at our table and the service was pretty fast.,Positive
Fantastic service here.,Positive
I as well would've given godfathers zero stars if possible.,Negative
They know how to make them here.,Positive
very tough and very short on flavor!,Negative
I hope this place sticks around.,Positive
"I have been in more than a few bars in Vegas, and do not ever recall being charged for tap water.",Negative
The restaurant atmosphere was exquisite.,Positive
"Good service, very clean, and inexpensive, to boot!",Positive
The seafood was fresh and generous in portion.,Positive
"Plus, it's only 8 bucks.",Positive
"The service was not up to par, either.",Negative
"Thus far, have only visited twice and the food was absolutely delicious each time.",Positive
Just as good as when I had it more than a year ago!,Positive
"For a self proclaimed coffee cafe, I was wildly disappointed.",Negative
The Veggitarian platter is out of this world!,Positive
You cant go wrong with any of the food here.,Positive
You can't beat that.,Positive
"Stopped by this place while in Madison for the Ironman, very friendly, kind staff.",Positive
The chefs were friendly and did a good job.,Positive
"I've had better, not only from dedicated boba tea spots, but even from Jenni Pho.",Negative
I liked the patio and the service was outstanding.,Positive
The goat taco didn't skimp on the meat and wow what FLAVOR!,Positive
I think not again,Negative
I had the mac salad and it was pretty bland so I will not be getting that again.,Negative
I went to Bachi Burger on a friend's recommendation and was not disappointed.,Positive
Service stinks here!,Negative
I waited and waited.,Negative
"This place is not quality sushi, it is not a quality restaurant.",Negative
I would definitely recommend the wings as well as the pizza.,Positive
Great Pizza and Salads!,Positive
Things that went wrong: - They burned the saganaki.,Negative
We waited an hour for what was a breakfast I could have done 100 times better at home.,Negative
This place is amazing!,Positive
"I hate to disagree with my fellow Yelpers, but my husband and I were so disappointed with this place.",Negative
Waited 2 hours & never got either of our pizzas as many other around us who came in later did!,Negative
Just don't know why they were so slow.,Negative
"The staff is great, the food is delish, and they have an incredible beer selection.",Positive
"I live in the neighborhood so I am disappointed I won't be back here, because it is a convenient location.",Negative
I didn't know pulled pork could be soooo delicious.,Positive
"You get incredibly fresh fish, prepared with care.",Positive
Before I go in to why I gave a 1 star rating please know that this was my third time eating at Bachi burger before writing a review.,Negative
I love the fact that everything on their menu is worth it.,Positive
Never again will I be dining at this place!,Negative
The food was excellent and service was very good.,Positive
Good beer & drink selection and good food selection.,Positive
Please stay away from the shrimp stir fried noodles.,Negative
The potato chip order was sad... I could probably count how many chips were in that box and it was probably around 12.,Negative
Food was really boring.,Negative
Good Service-check!,Positive
This greedy corporation will NEVER see another dime from me!,Negative
"Will never, ever go back.",Negative
"As much as I'd like to go back, I can't get passed the atrocious service and will never return.",Negative
"In the summer, you can dine in a charming outdoor patio - so very delightful.",Positive
I did not expect this to be so good!,Positive
Fantastic food!,Positive
She ordered a toasted English muffin that came out untoasted.,Negative
The food was very good.,Positive
Never going back.,Negative
"Great food for the price, which is very high quality and house made.",Positive
The bus boy on the other hand was so rude.,Negative
"By this point, my friends and I had basically figured out this place was a joke and didn't mind making it publicly and loudly known.",Negative
"Back to good BBQ, lighter fare, reasonable pricing and tell the public they are back to the old ways.",Positive
"And considering the two of us left there very full and happy for about $20, you just can't go wrong.",Positive
All the bread is made in-house!,Positive
The only downside is the service.,Negative
"Also, the fries are without a doubt the worst fries I've ever had.",Negative
Service was exceptional and food was a good as all the reviews.,Positive
"A couple of months later, I returned and had an amazing meal.",Positive
Favorite place in town for shawarrrrrrma!!!!!!,Positive
The black eyed peas and sweet potatoes... UNREAL!,Positive
You won't be disappointed.,Positive
"They could serve it with just the vinaigrette and it may make for a better overall dish, but it was still very good.",Positive
"I go to far too many places and I've never seen any restaurant that serves a 1 egg breakfast, especially for $4.00.",Negative
When my mom and I got home she immediately got sick and she only had a few bites of salad.,Negative
The servers are not pleasant to deal with and they don't always honor Pizza Hut coupons.,Negative
"Both of them were truly unbelievably good, and I am so glad we went back.",Positive
"We had fantastic service, and were pleased by the atmosphere.",Positive
Everything was gross.,Negative
I love this place.,Positive
Great service and food.,Positive
First - the bathrooms at this location were dirty- Seat covers were not replenished & just plain yucky!!!,Negative
"The burger... I got the ""Gold Standard"" a $17 burger and was kind of disappointed.",Negative
"OMG, the food was delicioso!",Positive
There is nothing authentic about this place.,Negative
the spaghetti is nothing special whatsoever.,Negative
"Of all the dishes, the salmon was the best, but all were great.",Positive
The vegetables are so fresh and the sauce feels like authentic Thai.,Positive
It's worth driving up from Tucson!,Positive
The selection was probably the worst I've seen in Vegas.....there was none.,Negative
Pretty good beer selection too.,Positive
"This place is like Chipotle, but BETTER.",Positive
"Classy/warm atmosphere, fun and fresh appetizers, succulent steaks (Baseball steak!!!!!",Positive
5 stars for the brick oven bread app!,Positive
"I have eaten here multiple times, and each time the food was delicious.",Positive
We sat another ten minutes and finally gave up and left.,Negative
He was terrible!,Negative
Everyone is treated equally special.,Positive
It shouldn't take 30 min for pancakes and eggs.,Negative
It was delicious!!!,Positive
"On the good side, the staff was genuinely pleasant and enthusiastic - a real treat.",Positive
"Sadly, Gordon Ramsey's Steak is a place we shall sharply avoid during our next trip to Vegas.",Negative
As always the evening was wonderful and the food delicious!,Positive
Best fish I've ever had in my life!,Positive
(The bathroom is just next door and very nice.),Positive
The buffet is small and all the food they offered was BLAND.,Negative
This is an Outstanding little restaurant with some of the Best Food I have ever tasted.,Positive
Pretty cool I would say.,Positive
Definitely a turn off for me & i doubt I'll be back unless someone else is buying.,Negative
Server did a great job handling our large rowdy table.,Positive
"I find wasting food to be despicable, but this just wasn't food.",Negative
My wife had the Lobster Bisque soup which was lukewarm.,Negative
Would come back again if I had a sushi craving while in Vegas.,Positive
"The staff are great, the ambiance is great.",Positive
He deserves 5 stars.,Positive
I left with a stomach ache and felt sick the rest of the day.,Negative
They dropped more than the ball.,Negative
"The dining space is tiny, but elegantly decorated and comfortable.",Positive
"They will customize your order any way you'd like, my usual is Eggplant with Green Bean stir fry, love it!",Positive
And the beans and rice were mediocre at best.,Negative
Best tacos in town by far!!,Positive
I took back my money and got outta there.,Negative
"In an interesting part of town, this place is amazing.",Positive
RUDE & INCONSIDERATE MANAGEMENT.,Negative
"The staff are now not as friendly, the wait times for being served are horrible, no one even says hi for the first 10 minutes.",Negative
I won't be back.,Negative
They have great dinners.,Positive
The service was outshining & I definitely recommend the Halibut.,Positive
The food was terrible.,Negative
WILL NEVER EVER GO BACK AND HAVE TOLD MANY PEOPLE WHAT HAD HAPPENED.,Negative
I don't recommend unless your car breaks down in front of it and you are starving.,Negative
I will come back here every time I'm in Vegas.,Positive
This place deserves one star and 90% has to do with the food.,Negative
This is a disgrace.,Negative
Def coming back to bowl next time,Positive
"If you want healthy authentic or ethic food, try this place.",Positive
I will continue to come here on ladies night andddd date night ... highly recommend this place to anyone who is in the area.,Positive
"I have been here several times in the past, and the experience has always been great.",Positive
We walked away stuffed and happy about our first Vegas buffet experience.,Positive
Service was excellent and prices are pretty reasonable considering this is Vegas and located inside the Crystals shopping mall by Aria.,Positive
"To summarize... the food was incredible, nay, transcendant... but nothing brings me joy quite like the memory of the pneumatic condiment dispenser.",Positive
I'm probably one of the few people to ever go to Ians and not like it.,Negative
Kids pizza is always a hit too with lots of great side dish options for the kiddos!,Positive
Service is perfect and the family atmosphere is nice to see.,Positive
Cooked to perfection and the service was impeccable.,Positive
This one is simply a disappointment.,Negative
"Overall, I was very disappointed with the quality of food at Bouchon.",Negative
I don't have to be an accountant to know I'm getting screwed!,Negative
"Great place to eat, reminds me of the little mom and pop shops in the San Francisco Bay Area.",Positive
Today was my first taste of a Buldogis Gourmet Hot Dog and I have to tell you it was more than I ever thought possible.,Positive
Left very frustrated.,Negative
I'll definitely be in soon again.,Positive
Food was really good and I got full petty fast.,Positive
Service was fantastic.,Positive
TOTAL WASTE OF TIME.,Negative
I don't know what kind it is but they have the best iced tea.,Positive
"Come hungry, leave happy and stuffed!",Positive
"For service, I give them no stars.",Negative
I can assure you that you won't be disappointed.,Positive
I can take a little bad service but the food sucks.,Negative
Gave up trying to eat any of the crust (teeth still sore).,Negative
But now I was completely grossed out.,Negative
I really enjoyed eating here.,Positive
First time going but I think I will quickly become a regular.,Positive
"Our server was very nice, and even though he looked a little overwhelmed with all of our needs, he stayed professional and friendly until the end.",Positive
From what my dinner companions told me...everything was very fresh with nice texture and taste.,Positive
"On the ground, right next to our table was a large, smeared, been-stepped-in-and-tracked-everywhere pile of green bird poop.",Negative
"Furthermore, you can't even find hours of operation on the website!",Negative
We've tried to like this place but after 10+ times I think we're done with them.,Negative
What a mistake that was!,Negative
No complaints!,Positive
This is some seriously good pizza and I'm an expert/connisseur on the topic.,Positive
Waiter was a jerk.,Negative
"Strike 2, who wants to be rushed.",Negative
These are the nicest restaurant owners I've ever come across.,Positive
I never come again.,Negative
We loved the biscuits!!!,Positive
Service is quick and friendly.,Positive
Ordered an appetizer and took 40 minutes and then the pizza another 10 minutes.,Negative
So absolutley fantastic.,Positive
It was a huge awkward 1.5lb piece of cow that was 3/4ths gristle and fat.,Negative
definitely will come back here again.,Positive
I like Steiners because it's dark and it feels like a bar.,Positive
Wow very spicy but delicious.,Positive
"If you're not familiar, check it out.",Positive
I'll take my business dinner dollars elsewhere.,Negative
I'd love to go back.,Positive
"Anyway, this FS restaurant has a wonderful breakfast/lunch.",Positive
Nothing special.,Negative
Each day of the week they have a different deal and it's all so delicious!,Positive
"Not to mention the combination of pears, almonds and bacon is a big winner!",Positive
Will not be back.,Negative
Sauce was tasteless.,Negative
"The food is delicious and just spicy enough, so be sure to ask for spicier if you prefer it that way.",Positive
My ribeye steak was cooked perfectly and had great mesquite flavor.,Positive
I don't think we'll be going back anytime soon.,Negative
Food was so gooodd.,Positive
I am far from a sushi connoisseur but I can definitely tell the difference between good food and bad food and this was certainly bad food.,Negative
I was so insulted.,Negative
The last 3 times I had lunch here has been bad.,Negative
The chicken wings contained the driest chicken meat I have ever eaten.,Negative
"The food was very good and I enjoyed every mouthful, an enjoyable relaxed venue for couples small family groups etc.",Positive
Nargile - I think you are great.,Positive
Best tater tots in the southwest.,Positive
We loved the place.,Positive
Definitely not worth the $3 I paid.,Negative
The vanilla ice cream was creamy and smooth while the profiterole (choux) pastry was fresh enough.,Positive
Im in AZ all the time and now have my new spot.,Positive
The manager was the worst.,Negative
The inside is really quite nice and very clean.,Positive
The food was outstanding and the prices were very reasonable.,Positive
I don't think I'll be running back to Carly's anytime soon for food.,Negative
"This is was due to the fact that it took 20 minutes to be acknowledged, then another 35 minutes to get our food...and they kept forgetting things.",Negative
"Love the margaritas, too!",Positive
This was my first and only Vegas buffet and it did not disappoint.,Positive
"Very good, though!",Positive
The one down note is the ventilation could use some upgrading.,Negative
Great pork sandwich.,Positive
Don't waste your time here.,Negative
"Total letdown, I would much rather just go to the Camelback Flower Shop and Cartel Coffee.",Negative
"Third, the cheese on my friend's burger was cold.",Negative
We enjoy their pizza and brunch.,Positive
The steaks are all well trimmed and also perfectly cooked.,Positive
We had a group of 70+ when we claimed we would only have 40 and they handled us beautifully.,Positive
I LOVED it!,Positive
We asked for the bill to leave without eating and they didn't bring that either.,Negative
"This place is a jewel in Las Vegas, and exactly what I've been hoping to find in nearly ten years living here.",Positive
Seafood was limited to boiled shrimp and crab legs but the crab legs definitely did not taste fresh.,Negative
The selection of food was not the best.,Negative
Delicious and I will absolutely be back!,Positive
"This isn't a small family restaurant, this is a fine dining establishment.",Positive
They had a toro tartare with a cavier that was extraordinary and I liked the thinly sliced wagyu with white truffle.,Positive
I dont think I will be back for a very long time.,Negative
"It was attached to a gas station, and that is rarely a good sign.",Negative
How awesome is that.,Positive
I will be back many times soon.,Positive
The menu had so much good stuff on it i could not decide!,Positive
"Worse of all, he humiliated his worker right in front of me..Bunch of horrible name callings.",Negative
CONCLUSION: Very filling meals.,Positive
Their daily specials are always a hit with my group.,Positive
And then tragedy struck.,Negative
The pancake was also really good and pretty large at that.,Positive
"This was my first crawfish experience, and it was delicious!",Positive
Their monster chicken fried steak and eggs is my all time favorite.,Positive
Waitress was sweet and funny.,Positive
"I also had to taste my Mom's multi-grain pumpkin pancakes with pecan butter and they were amazing, fluffy, and delicious!",Positive
"I'd rather eat airline food, seriously.",Negative
Cant say enough good things about this place.,Positive
The ambiance was incredible.,Positive
The waitress and manager are so friendly.,Positive
I would not recommend this place.,Negative
Overall I wasn't very impressed with Noca.,Negative
My gyro was basically lettuce only.,Negative
Terrible service!,Negative
Thoroughly disappointed!,Negative
"I don't each much pasta, but I love the homemade /hand made pastas and thin pizzas here.",Positive
"Give it a try, you will be happy you did.",Positive
By far the BEST cheesecurds we have ever had!,Positive
Reasonably priced also!,Positive
Everything was perfect the night we were in.,Positive
The food is very good for your typical bar food.,Positive
it was a drive to get there.,Negative
"At first glance it is a lovely bakery cafe - nice ambiance, clean, friendly staff.",Positive
"Anyway, I do not think i will go back there.",Negative
"Point your finger at any item on the menu, order it and you won't be disappointed.",Positive
"Oh this is such a thing of beauty, this restaurant.",Positive
If you haven't gone here GO NOW!,Positive
"A greasy, unhealthy meal.",Negative
first time there and might just be the last.,Negative
Those burgers were amazing.,Positive
"Similarly, the delivery man did not say a word of apology when our food was 45 minutes late.",Negative
And it was way to expensive.,Negative
"Be sure to order dessert, even if you need to pack it to-go - the tiramisu and cannoli are both to die for.",Positive
This was my first time and I can't wait until the next.,Positive
The bartender was also nice.,Positive
Everything was good and tasty!,Positive
This place is two thumbs up....way up.,Positive
"The best place in Vegas for breakfast (just check out a Sat, or Sun.",Positive
"If you love authentic Mexican food and want a whole bunch of interesting, yet delicious meats to choose from, you need to try this place.",Positive
Terrible management.,Negative
An excellent new restaurant by an experienced Frenchman.,Positive
If there were zero stars I would give it zero stars.,Negative
"Great steak, great sides, great wine, amazing desserts.",Positive
Worst martini ever!,Negative
The steak and the shrimp are in my opinion the best entrees at GC.,Positive
I had the opportunity today to sample your amazing pizzas!,Positive
We waited for thirty minutes to be seated (although there were 8 vacant tables and we were the only folks waiting).,Negative
The yellowtail carpaccio was melt in your mouth fresh.,Positive
I won't try going back there even if it's empty.,Negative
"No, I'm going to eat the potato that I found some strangers hair in it.",Negative
Just spicy enough.. Perfect actually.,Positive
Last night was my second time dining here and I was so happy I decided to go back!,Positive
"not even a ""hello, we will be right with you.""",Negative
The desserts were a bit strange.,Negative
My boyfriend and I came here for the first time on a recent trip to Vegas and could not have been more pleased with the quality of food and service.,Positive
"I really do recommend this place, you can go wrong with this donut place!",Positive
Nice ambiance.,Positive
I would recommend saving room for this!,Positive
I guess maybe we went on an off night but it was disgraceful.,Negative
"However, my recent experience at this particular location was not so good.",Negative
"I know this is not like the other restaurants at all, something is very off here!",Negative
AVOID THIS ESTABLISHMENT!,Negative
I think this restaurant suffers from not trying hard enough.,Negative
All of the tapas dishes were delicious!,Positive
I *heart* this place.,Positive
My salad had a bland vinegrette on the baby greens and hearts of Palm.,Negative
After two I felt disgusting.,Negative
A good time!,Positive
I believe that this place is a great stop for those with a huge belly and hankering for sushi.,Positive
Generous portions and great taste.,Positive
I will never go back to this place and will never ever recommended this place to anyone!,Negative
"The servers went back and forth several times, not even so much as an ""Are you being helped?""",Negative
Food was delicious!,Positive
AN HOUR... seriously?,Negative
I consider this theft.,Negative
Eew... This location needs a complete overhaul.,Negative
We recently witnessed her poor quality of management towards other guests as well.,Negative
Waited and waited and waited.,Negative
"He also came back to check on us regularly, excellent service.",Positive
Our server was super nice and checked on us many times.,Positive
"The pizza tasted old, super chewy in not a good way.",Negative
I swung in to give them a try but was deeply disappointed.,Negative
Service was good and the company was better!,Positive
The staff are also very friendly and efficient.,Positive
"As for the service: I'm a fan, because it's quick and you're being served by some nice folks.",Positive
Boy was that sucker dry!!.,Negative
Over rated.,Negative
"If you look for authentic Thai food, go else where.",Negative
Their steaks are 100% recommended!,Positive
After I pulled up my car I waited for another 15 minutes before being acknowledged.,Negative
Great food and great service in a clean and friendly setting.,Positive
"All in all, I can assure you I'll be back.",Positive
I hate those things as much as cheap quality black olives.,Negative
"My breakfast was perpared great, with a beautiful presentation of 3 giant slices of Toast, lightly dusted with powdered sugar.",Positive
The kids play area is NASTY!,Negative
Great place fo take out or eat in.,Positive
The waitress was friendly and happy to accomodate for vegan/veggie options.,Positive
OMG I felt like I had never eaten Thai food until this dish.,Positive
"It was extremely ""crumby"" and pretty tasteless.",Negative
It was a pale color instead of nice and char and has NO flavor.,Negative
The croutons also taste homemade which is an extra plus.,Positive
I got home to see the driest damn wings ever!,Negative
It'll be a regular stop on my trips to Phoenix!,Positive
I really enjoyed Crema CafÃ© before they expanded. I even told friends they had the BEST breakfast.,Positive
Not good for the money.,Negative
I miss it and wish they had one in Philadelphia!,Positive
"We got sitting fairly fast, but, ended up waiting 40 minutes just to place our order, another 30 minutes before the food arrived.",Negative
They also have the best cheese crisp in town.,Positive
"Good value, great food, great service.",Positive
Couldn't ask for a more satisfying meal.,Positive
The food is good.,Positive
It was awesome.,Positive
I just wanted to leave.,Negative
We made the drive all the way from North Scottsdale... and I was not one bit disappointed!,Positive
I will not be eating there again.,Negative
!....THE OWNERS REALLY REALLY need to quit being soooooo cheap let them wrap my freaking sandwich in two papers not one!,Negative
I checked out this place a couple years ago and was not impressed.,Negative
"The chicken I got was definitely reheated and was only ok, the wedges were cold and soggy.",Negative
"Sorry, I will not be getting food from here anytime soon :(",Negative
An absolute must visit!,Positive
The cow tongue and cheek tacos are amazing.,Positive
My friend did not like his Bloody Mary.,Negative
"Despite how hard I rate businesses, its actually rare for me to give a 1 star.",Negative
They really want to make your experience a good one.,Positive
I will not return.,Negative
I had the chicken Pho and it tasted very bland.,Negative
Very disappointing!!!,Negative
The grilled chicken was so tender and yellow from the saffron seasoning.,Positive
"a drive thru means you do not want to wait around for half an hour for your food, but somehow when we end up going here they make us wait and wait.",Negative
Pretty awesome place.,Positive
Ambience is perfect.,Positive
Best of luck to the rude and non-customer service focused new management.,Negative
Any grandmother can make a roasted chicken better than this one.,Negative
I asked multiple times for the wine list and after some time of being ignored I went to the hostess and got one myself.,Negative
"The staff is always super friendly and helpful, which is especially cool when you bring two small boys and a baby!",Positive
Four stars for the food & the guy in the blue shirt for his great vibe & still letting us in to eat !,Positive
The roast beef sandwich tasted really good!,Positive
"Same evening, him and I are both drastically sick.",Negative
High-quality chicken on the chicken Caesar salad.,Positive
Ordered burger rare came in we'll done.,Negative
We were promptly greeted and seated.,Positive
Tried to go here for lunch and it was a madhouse.,Negative
"I was proven dead wrong by this sushi bar, not only because the quality is great, but the service is fast and the food, impeccable.",Positive
"After waiting an hour and being seated, I was not in the greatest of moods.",Negative
This is a good joint.,Positive
The Macarons here are insanely good.,Positive
I'm not eating here!,Negative
"Our waiter was very attentive, friendly, and informative.",Positive
Maybe if they weren't cold they would have been somewhat edible.,Negative
This place has a lot of promise but fails to deliver.,Negative
Very bad Experience!,Negative
What a mistake.,Negative
Food was average at best.,Negative
Great food.,Positive
We won't be going back anytime soon!,Negative
Very Very Disappointed ordered the $35 Big Bay Plater.,Negative
Great place to relax and have an awesome burger and beer.,Positive
It is PERFECT for a sit-down family meal or get together with a few friends.,Positive
"Not much flavor to them, and very poorly constructed.",Negative
The patio seating was very comfortable.,Positive
The fried rice was dry as well.,Negative
Hands down my favorite Italian restaurant!,Positive
"That just SCREAMS ""LEGIT"" in my book...somethat's also pretty rare here in Vegas.",Positive
It was just not a fun experience.,Positive
The atmosphere was great with a lovely duo of violinists playing songs we requested.,Positive
"I personally love the hummus, pita, baklava, falafels and Baba Ganoush (it's amazing what they do with eggplant!).",Positive
"Very convenient, since we were staying at the MGM!",Positive
The owners are super friendly and the staff is courteous.,Positive
Both great!,Positive
Eclectic selection.,Positive
The sweet potato tots were good but the onion rings were perfection or as close as I have had.,Positive
The staff was very attentive.,Positive
And the chef was generous with his time (even came around twice so we can take pictures with him).,Positive
"The owner used to work at Nobu, so this place is really similar for half the price.",Positive
Google mediocre and I imagine Smashburger will pop up.,Negative
dont go here.,Negative
I promise they won't disappoint.,Positive
As a sushi lover avoid this place by all means.,Negative
What a great double cheeseburger!,Positive
Awesome service and food.,Positive
A fantastic neighborhood gem !!!,Positive
I can't wait to go back.,Positive
The plantains were the worst I've ever tasted.,Negative
It's a great place and I highly recommend it.,Positive
Service was slow and not attentive.,Negative
"I gave it 5 stars then, and I'm giving it 5 stars now.",Positive
Your staff spends more time talking to themselves than me.,Negative
Dessert: Panna Cotta was amazing.,Positive
"Very good food, great atmosphere.1",Positive
Damn good steak.,Positive
Total brunch fail.,Negative
"Prices are very reasonable, flavors are spot on, the sauce is home made, and the slaw is not drenched in mayo.",Positive
"The decor is nice, and the piano music soundtrack is pleasant.",Positive
The steak was amazing...rge fillet relleno was the best seafood plate i have ever had!,Positive
"Good food , good service .",Positive
It was absolutely amazing.,Positive
"I probably won't be back, to be honest.",Negative
will definitely be back!,Positive
The sergeant pepper beef sandwich with auju sauce is an excellent sandwich as well.,Positive
"Hawaiian Breeze, Mango Magic, and Pineapple Delight are the smoothies that I've tried so far and they're all good.",Positive
Went for lunch - service was slow.,Negative
"We had so much to say about the place before we walked in that he expected it to be amazing, but was quickly disappointed.",Negative
I was mortified.,Negative
"Needless to say, we will never be back here again.",Negative
"Anyways, The food was definitely not filling at all, and for the price you pay you should expect more.",Negative
"The chips that came out were dripping with grease, and mostly not edible.",Negative
I wasn't really impressed with Strip Steak.,Negative
Have been going since 2007 and every meal has been awesome!!,Positive
Our server was very nice and attentive as were the other serving staff.,Positive
The cashier was friendly and even brought the food out to me.,Positive
I work in the hospitality industry in Paradise Valley and have refrained from recommending Cibo any longer.,Negative
The atmosphere here is fun.,Positive
Would not recommend to others.,Negative
"Service is quick and even ""to go"" orders are just like we like it!",Positive
"I mean really, how do you get so famous for your fish and chips when it's so terrible!?!",Negative
"That said, our mouths and bellies were still quite pleased.",Positive
Not my thing.,Negative
2 Thumbs Up!!,Positive
If you are reading this please don't go there.,Negative
"I loved the grilled pizza, reminded me of legit Italian pizza.",Positive
Only Pros : Large seating area/ Nice bar area/ Great simple drink menu/ The BEST brick oven pizza with homemade dough!,Positive
They have a really nice atmosphere.,Positive
Tonight I had the Elk Filet special...and it sucked.,Negative
"After one bite, I was hooked.",Positive
We ordered some old classics and some new dishes after going there a few times and were sorely disappointed with everything.,Negative
"Cute, quaint, simple, honest.",Positive
The chicken was deliciously seasoned and had the perfect fry on the outside and moist chicken on the inside.,Positive
"The food was great as always, compliments to the chef.",Positive
Special thanks to Dylan T. for the recommendation on what to order :) All yummy for my tummy.,Positive
Awesome selection of beer.,Positive
Great food and awesome service!,Positive
"One nice thing was that they added gratuity on the bill since our party was larger than 6 or 8, and they didn't expect more tip than that.",Positive
A FLY was in my apple juice.. A FLY!!!!!!!!,Negative
The Han Nan Chicken was also very tasty.,Positive
"As for the service, I thought it was good.",Positive
"The food was barely lukewarm, so it must have been sitting waiting for the server to bring it out to us.",Negative
Ryan's Bar is definitely one Edinburgh establishment I won't be revisiting.,Negative
Nicest Chinese restaurant I've been in a while.,Positive
"Overall, I like there food and the service.",Positive
They also now serve Indian naan bread with hummus and some spicy pine nut sauce that was out of this world.,Positive
"Probably never coming back, and wouldn't recommend it.",Negative
"Friend's pasta -- also bad, he barely touched it.",Negative
"Try them in the airport to experience some tasty food and speedy, friendly service.",Positive
I love the decor with the Chinese calligraphy wall paper.,Positive
Never had anything to complain about here.,Positive
The restaurant is very clean and has a family restaurant feel to it.,Positive
It was way over fried.,Negative
I'm not sure how long we stood there but it was long enough for me to begin to feel awkwardly out of place.,Negative
"When I opened the sandwich, I was impressed, but not in a good way.",Negative
Will not be back!,Negative
There was a warm feeling with the service and I felt like their guest for a special treat.,Positive
An extensive menu provides lots of options for breakfast.,Positive
"I always order from the vegetarian menu during dinner, which has a wide array of options to choose from.",Positive
"I have watched their prices inflate, portions get smaller and management attitudes grow rapidly!",Negative
Wonderful lil tapas and the ambience made me feel all warm and fuzzy inside.,Positive
"I got to enjoy the seafood salad, with a fabulous vinegrette.",Positive
"The wontons were thin, not thick and chewy, almost melt in your mouth.",Positive
"Level 5 spicy was perfect, where spice didn't over-whelm the soup.",Positive
We were sat right on time and our server from the get go was FANTASTIC!,Positive
"Main thing I didn't enjoy is that the crowd is of older crowd, around mid 30s and up.",Negative
"When I'm on this side of town, this will definitely be a spot I'll hit up again!",Positive
I had to wait over 30 minutes to get my drink and longer to get 2 arepas.,Negative
This is a GREAT place to eat!,Positive
The jalapeno bacon is soooo good.,Positive
The service was poor and thats being nice.,Negative
"Food was good, service was good, Prices were good.",Positive
The place was not clean and the food oh so stale!,Negative
"The chicken dishes are OK, the beef is like shoe leather.",Negative
But the service was beyond bad.,Negative
"I'm so happy to be here!!!""",Positive
Tasted like dirt.,Negative
One of the few places in Phoenix that I would definately go back to again .,Positive
The block was amazing.,Positive
"It's close to my house, it's low-key, non-fancy, affordable prices, good food.",Positive
* Both the Hot & Sour & the Egg Flower Soups were absolutely 5 Stars!,Positive
My sashimi was poor quality being soggy and tasteless.,Negative
Great time - family dinner on a Sunday night.,Positive
"the food is not tasty at all, not to say its ""real traditional Hunan style"".",Negative
"What did bother me, was the slow service.",Negative
The flair bartenders are absolutely amazing!,Positive
Their frozen margaritas are WAY too sugary for my taste.,Negative
These were so good we ordered them twice.,Positive
So in a nutshell: 1) The restaraunt smells like a combination of a dirty fish market and a sewer.,Negative
My girlfriend's veal was very bad.,Negative
"Unfortunately, it was not good.",Negative
I had a pretty satifying experience.,Positive
Join the club and get awesome offers via email.,Positive
"Perfect for someone (me) who only likes beer ice cold, or in this case, even colder.",Positive
Bland and flavorless is a good way of describing the barely tepid meat.,Negative
"The chains, which I'm no fan of, beat this place easily.",Negative
The nachos are a MUST HAVE!,Positive
We will not be coming back.,Negative
"I don't have very many words to say about this place, but it does everything pretty well.",Positive
"The staff is super nice and very quick even with the crazy crowds of the downtown juries, lawyers, and court staff.",Positive
"Great atmosphere, friendly and fast service.",Positive
When I received my Pita it was huge it did have a lot of meat in it so thumbs up there.,Positive
Once your food arrives it's meh.,Negative
Paying $7.85 for a hot dog and fries that looks like it came out of a kid's meal at the Wienerschnitzel is not my idea of a good meal.,Negative
The classic Maine Lobster Roll was fantastic.,Positive
"My brother in law who works at the mall ate here same day, and guess what he was sick all night too.",Negative
So good I am going to have to review this place twice - once hereas a tribute to the place and once as a tribute to an event held here last night.,Positive
"The chips and salsa were really good, the salsa was very fresh.",Positive
This place is great!!!!!!!!!!!!!!,Positive
